{
  "kind": "singleType",
  "collectionName": "gettingbestapphomefives",
  "info": {
    "singularName": "gettingbestapphomefive",
    "pluralName": "gettingbestapphomefives",
    "displayName": "Getting Best App Home Five"
  },
  "options": {
    "draftAndPublish": true
  },
  "pluginOptions": {},
  "attributes": {
    "subtitle": {
      "type": "string"
    },
    "heading": {
      "type": "string"
    },
    "desc": {
      "type": "string"
    },
    "featuresText": {
      "type": "component",
      "repeatable": true,
      "component": "features-list.features-list"
    },
    "image": {
      "allowedTypes": [
        "images"
      ],
      "type": "media",
      "multiple": false
    }
  }
}
