{
  "kind": "singleType",
  "collectionName": "bannerhomeones",
  "info": {
    "singularName": "bannerhomeone",
    "pluralName": "bannerhomeones",
    "displayName": "Banner Home One",
    "description": ""
  },
  "options": {
    "draftAndPublish": true
  },
  "pluginOptions": {},
  "attributes": {
    "subtitle": {
      "type": "string"
    },
    "heading": {
      "type": "string"
    },
    "btnText": {
      "type": "string"
    },
    "btnLink": {
      "type": "string"
    },
    "image": {
      "type": "media",
      "multiple": false,
      "required": false,
      "allowedTypes": [
        "images"
      ]
    }
  }
}
