{
  "kind": "singleType",
  "collectionName": "challengesandtracks",
  "info": {
    "singularName": "challengesandtrack",
    "pluralName": "challengesandtracks",
    "displayName": "Challenges And Track",
    "description": ""
  },
  "options": {
    "draftAndPublish": true
  },
  "pluginOptions": {},
  "attributes": {
    "subtitle": {
      "type": "string"
    },
    "heading": {
      "type": "string"
    },
    "descriptionOne": {
      "type": "string"
    },
    "descriptionTwo": {
      "type": "string"
    },
    "btnText": {
      "type": "string"
    },
    "btnLink": {
      "type": "string"
    },
    "image": {
      "type": "media",
      "multiple": false,
      "required": false,
      "allowedTypes": [
        "images"
      ]
    },
    "imageTwo": {
      "allowedTypes": [
        "images"
      ],
      "type": "media",
      "multiple": false
    }
  }
}
