{
  "kind": "singleType",
  "collectionName": "bannerhomethrees",
  "info": {
    "singularName": "bannerhomethree",
    "pluralName": "bannerhomethrees",
    "displayName": "Banner Home Three"
  },
  "options": {
    "draftAndPublish": true
  },
  "pluginOptions": {},
  "attributes": {
    "subtitle": {
      "type": "string"
    },
    "heading": {
      "type": "string"
    },
    "desc": {
      "type": "string"
    },
    "btnText": {
      "type": "string"
    },
    "btnLink": {
      "type": "string"
    },
    "img1": {
      "allowedTypes": [
        "images"
      ],
      "type": "media",
      "multiple": false
    },
    "img2": {
      "allowedTypes": [
        "images"
      ],
      "type": "media",
      "multiple": false
    }
  }
}
