{
  "kind": "singleType",
  "collectionName": "softwareintegrations",
  "info": {
    "singularName": "softwareintegration",
    "pluralName": "softwareintegrations",
    "displayName": "Software Integration"
  },
  "options": {
    "draftAndPublish": true
  },
  "pluginOptions": {},
  "attributes": {
    "subtitle": {
      "type": "string"
    },
    "heading": {
      "type": "string"
    },
    "descriptionOne": {
      "type": "string"
    },
    "descriptionTwo": {
      "type": "string"
    },
    "btnText": {
      "type": "string"
    },
    "btnLink": {
      "type": "string"
    }
  }
}
