{
  "kind": "singleType",
  "collectionName": "includedbestfeatures",
  "info": {
    "singularName": "includedbestfeature",
    "pluralName": "includedbestfeatures",
    "displayName": "Included Best Feature",
    "description": ""
  },
  "options": {
    "draftAndPublish": true
  },
  "pluginOptions": {},
  "attributes": {
    "subtitle": {
      "type": "string"
    },
    "heading": {
      "type": "string"
    },
    "singleFeatures": {
      "type": "component",
      "repeatable": true,
      "component": "single-features.single-features"
    },
    "btnText": {
      "type": "string"
    },
    "btnLink": {
      "type": "string"
    }
  }
}
