{
  "kind": "singleType",
  "collectionName": "pricings",
  "info": {
    "singularName": "pricing",
    "pluralName": "pricings",
    "displayName": "Pricing",
    "description": ""
  },
  "options": {
    "draftAndPublish": true
  },
  "pluginOptions": {},
  "attributes": {
    "subtitle": {
      "type": "string"
    },
    "heading": {
      "type": "string"
    },
    "pricingTable": {
      "type": "component",
      "repeatable": true,
      "component": "pricing-tab.pricing-tab"
    },
    "btnText": {
      "type": "string"
    },
    "btnLink": {
      "type": "string"
    }
  }
}
