{
  "kind": "singleType",
  "collectionName": "includedbestfeaturehometwos",
  "info": {
    "singularName": "includedbestfeaturehometwo",
    "pluralName": "includedbestfeaturehometwos",
    "displayName": "Included Best Feature Home Two",
    "description": ""
  },
  "options": {
    "draftAndPublish": true
  },
  "pluginOptions": {},
  "attributes": {
    "subtitle": {
      "type": "string"
    },
    "heading": {
      "type": "string"
    },
    "descriptionOne": {
      "type": "string"
    },
    "descriptionTwo": {
      "type": "string"
    },
    "singleFeatures": {
      "type": "component",
      "repeatable": true,
      "component": "single-features.single-features"
    }
  }
}
