{
  "kind": "collectionType",
  "collectionName": "blogs",
  "info": {
    "singularName": "blog",
    "pluralName": "blogs",
    "displayName": "Blog",
    "description": ""
  },
  "options": {
    "draftAndPublish": true
  },
  "pluginOptions": {},
  "attributes": {
    "image": {
      "type": "media",
      "multiple": false,
      "required": false,
      "allowedTypes": [
        "images"
      ]
    },
    "tag": {
      "type": "string"
    },
    "date": {
      "type": "date"
    },
    "title": {
      "type": "string"
    },
    "longDesc": {
      "type": "richtext",
      "default": "<p>Quuntur magni dolores eos qui ratione voluptatem sequi nesciunt. Neque porro quia non numquam eius modi tempora incidunt ut labore et dolore magnam dolor sit amet, consectetur adipisicing.</p>                             <p>Lorem ipsum dolor sit amet, consectetur <strong>adipisicing</strong> elit, sed do eiusmod tempor incididunt ut labore et dolore magna aliqua. Ut enim ad minim veniam, quis nostrud exercitation ullamco laboris nisi ut aliquip ex ea <a href=\"#\">commodo</a> consequat. Duis aute irure dolor in reprehenderit in sed quia non numquam eius modi tempora incidunt ut labore et dolore magnam aliquam quaerat voluptatem.</p>                             <ol>                                 <li>Nunc, mauris ut in vestibulum. Consectetur phasellus ultrices fusce nibh justo, venenatis, amet. Lectus quam in </li>                                 <li>Most of the designer are very creative to do something , mauris ut in vestibulum. Consectetur phasellus ultrices fusce nibh justo, venenatis, amet. Lectus quam in lobortis </li>                                 <li>There are two thing is very important in Consectetur phasellus ultrices fusce nibh justo, venenatis, amet. Lectus quam.</li>                                 <li>Web design and development very creative to do something , mauris ut in vestibulum. Consectetur phasellus ultrices fusce nibh  venenatis, amet to all design and development.</li>                             </ol>                             <p>Quuntur magni dolores eos qui ratione voluptatem sequi nesciunt. Neque porro quia non numquam eius modi tempora incidunt ut labore et dolore magnam dolor sit amet, consectetur adipisicing.</p>                                                          <h4>Four major elements that we offer:</h4>                             <p>Quuntur magni dolores eos qui ratione voluptatem sequi nesciunt. Neque porro quia non numquam eius modi tempora incidunt ut labore et dolore magnam dolor sit amet, consectetur adipisicing.</p>                             <ul>                                 <li>Scientific skills for getting a better result</li>                                 <li>Communication skills to getting in touch</li>                                 <li>A career overview opportunity available</li>                                 <li>A good work environment for work</li>                             </ul>                             <h4>Setting the mood with incense</h4>                             <p>Lorem ipsum dolor sit amet, consectetur adipisicing elit, sed do eiusmod tempor incididunt ut labore et dolore magna aliqua. Ut enim ad minim veniam, quis nostrud exercitation ullamco laboris nisi ut aliquip ex ea commodo consequat. Duis aute irure dolor in reprehenderit in  sed quia non numquam eius modi tempora incidunt ut labore et dolore magnam aliquam quaerat voluptatem.</p>                             <blockquote class=\"wp-block-quote\">                                 <p>It is a long established fact that a reader will be distracted by the readable content of a page when looking at its layout.</p>                                 <cite>Tom Cruise</cite>                             </blockquote>                             <h4>The rise of marketing and why you need it</h4>                             <p>Lorem ipsum dolor sit amet, consectetur adipisicing elit, sed do eiusmod tempor incididunt ut labore et dolore magna aliqua. Ut enim ad minim veniam, quis nostrud.</p>                             <p>Lorem ipsum dolor sit amet, consectetur <strong>adipisicing</strong> elit, sed do eiusmod tempor incididunt ut labore et dolore magna aliqua. Ut enim ad minim veniam, quis nostrud exercitation ullamco laboris nisi ut aliquip ex ea <a href=\"#\">commodo</a> consequat. Duis aute irure dolor in reprehenderit in sed quia non numquam eius modi tempora incidunt ut labore et dolore magnam aliquam quaerat voluptatem.</p>",
      "required": false
    },
    "slug": {
      "type": "uid",
      "targetField": "title",
      "required": true
    }
  }
}
