{
  "kind": "singleType",
  "collectionName": "videos",
  "info": {
    "singularName": "video",
    "pluralName": "videos",
    "displayName": "Video",
    "description": ""
  },
  "options": {
    "draftAndPublish": true
  },
  "pluginOptions": {},
  "attributes": {
    "image": {
      "type": "media",
      "multiple": false,
      "required": false,
      "allowedTypes": [
        "images"
      ]
    },
    "videoLink": {
      "type": "string",
      "default": "https://www.youtube.com/embed/bk7McNUjWgw"
    },
    "subtitle": {
      "type": "string"
    },
    "heading": {
      "type": "string"
    },
    "desc": {
      "type": "text"
    },
    "imageTwo": {
      "type": "media",
      "multiple": false,
      "required": false,
      "allowedTypes": [
        "images"
      ]
    },
    "imageThree": {
      "allowedTypes": [
        "images"
      ],
      "type": "media",
      "multiple": false
    }
  }
}
