{
  "kind": "singleType",
  "collectionName": "screenshots",
  "info": {
    "singularName": "screenshot",
    "pluralName": "screenshots",
    "displayName": "Screenshot",
    "description": ""
  },
  "options": {
    "draftAndPublish": true
  },
  "pluginOptions": {},
  "attributes": {
    "subtitle": {
      "type": "string"
    },
    "heading": {
      "type": "string"
    },
    "screenshotsSlides": {
      "type": "component",
      "repeatable": true,
      "component": "screenshots-slides.screenshots-slides"
    }
  }
}
