{
  "kind": "singleType",
  "collectionName": "pricinghometwos",
  "info": {
    "singularName": "pricinghometwo",
    "pluralName": "pricinghometwos",
    "displayName": "Pricing Home Two",
    "description": ""
  },
  "options": {
    "draftAndPublish": true
  },
  "pluginOptions": {},
  "attributes": {
    "subtitle": {
      "type": "string"
    },
    "heading": {
      "type": "string"
    },
    "pricingCard": {
      "type": "component",
      "repeatable": true,
      "component": "single-pricing-card.single-pricing-card"
    }
  }
}
